{
  "version": "2023.2",
  "applications": [],
  "platforms": [
    {
      "name": "ExamenSoC"
    }
  ],
  "systems": [
    {
      "name": "Examen_system",
      "platform": "C:/02_PXL/SoC_PXL_2024/Examen/ExamenSoC/export/ExamenSoC/ExamenSoC.xpfm",
      "sysConfig": "ExamenSoC",
      "buildConfig": "Debug",
      "applications": [
        {
          "name": "Examen",
          "platform": "C:/02_PXL/SoC_PXL_2024/Examen/ExamenSoC/export/ExamenSoC/ExamenSoC.xpfm",
          "platformPath": "C:\\02_PXL\\SoC_PXL_2024\\Examen\\ExamenSoC\\export\\ExamenSoC",
          "sysConfig": "ExamenSoC",
          "domain": "standalone_ps7_cortexa9_0",
          "system": "Examen_system"
        }
      ],
      "platformPath": "C:\\02_PXL\\SoC_PXL_2024\\Examen\\ExamenSoC\\export\\ExamenSoC"
    }
  ],
  "others": []
}